,servicio,paradero,tiempo_promedio,geo_parader,geo_parader_lat,geo_parader_lon,calificacion
0,510I,PA164,564.1920529801324,0101000020E61000006401A98EACAA51C03E0C146653B940C0,-33.4478576276674,-70.6667820597118,2
1,510I,PA233,654.876923076923,0101000020E6100000A79B1B7B40AA51C0CF1F23C271B940C0,-33.4487841292863,-70.6601856011972,0
2,510I,PA335,584.8911564625851,0101000020E6100000B313C63905AB51C05B893C7A82B940C0,-33.4492943568791,-70.6721939501138,2
3,510I,PA337,519.469512195122,0101000020E6100000A77C7C4E5DAA51C052BF05C833B940C0,-33.4468927410186,-70.6619449821179,2
4,510I,PA35,659.4883720930233,0101000020E61000002E9658E02BAA51C08B8FFDCA00BA40C0,-33.4531491983499,-70.6589279999832,0
5,510I,PA36,1329.28125,0101000020E61000005AF31BEE23AA51C0E00F9AE035BA40C0,-33.4547692062622,-70.6584430001216,0
6,510I,PA368,529.8086419753087,0101000020E61000003FD051F355AB51C052AD0CF2ADB940C0,-33.4506208955669,-70.6771210001907,2
7,510I,PA435,511.4207317073171,0101000020E61000002F78EEC209AA51C0A78B1D22F6BA40C0,-33.4606363910928,-70.6568457917026,2
8,510I,PA436,554.0784313725491,0101000020E6100000AE2CFC55B7A951C009842366E2BA40C0,-33.4600341485421,-70.6518149340288,2
9,510I,PA438,569.205298013245,0101000020E6100000C5820DE54DA951C04E28BC01BFBA40C0,-33.4589540642488,-70.6453793174688,2
10,510I,PA439,563.2384105960265,0101000020E61000006A1C5FA12FA951C080E244D2B1BA40C0,-33.4585516773559,-70.643532126314,2
11,510I,PA440,541.71974522293,0101000020E6100000AF2B07CFEFA851C032417FFB96BA40C0,-33.457732617508,-70.6396367616678,2
12,510I,PA442,544.968152866242,0101000020E610000080209DC38AA851C058E264216CBA40C0,-33.4564248793219,-70.6334694895213,2
13,510I,PA469,563.6026490066225,0101000020E61000001081384C34AA51C0541C44AE6DBA40C0,-33.4564721901485,-70.6594420005606,2
14,510I,PA658,548.0254777070064,0101000020E6100000699C9EEA90A951C0B55579B0D9BA40C0,-33.459768351789,-70.6494700001655,2
15,510I,PA666,567.615894039735,0101000020E6100000112EEFA7C6A851C03387F43386BA40C0,-33.4572205490098,-70.6371249995939,2
16,510I,PD115,528.8136645962733,0101000020E610000045AF0C3CF7A651C0968B0D2427BB40C0,-33.4621319833888,-70.608840000522,2
17,510I,PD116,567.3933333333333,0101000020E6100000B93679909EA651C01DF7995D50BB40C0,-33.4633900644096,-70.603427999852,2
18,510I,PD1365,1085.1666666666667,0101000020E610000087D9537078A351C03C39AB5558BC40C0,-33.4714457593968,-70.554225999722,0
19,510I,PD1366,1974.375,0101000020E61000001EEF58A7CAA351C0AA0E8CC02ABC40C0,-33.4700546916841,-70.5592440002915,0
20,510I,PD1367,2555.935483870968,0101000020E6100000D00E65389EA351C0CF6496B043BC40C0,-33.4708157286019,-70.5565320002454,0
21,510I,PD1371,829.5096153846154,0101000020E6100000A0EB5F3E59A351C09738B32C1ABC40C0,-33.4695487856963,-70.552322000191,0
22,510I,PD394,1404.0,0101000020E610000059DECEAC6BA351C0EB4FD1E147BC40C0,-33.4709436676056,-70.5534469623757,0
23,510I,PD486,1110.1052631578948,0101000020E6100000A7319D2FF6A351C0CCA2BB1218BC40C0,-33.469484655017,-70.561901000509,0
24,510I,PD487,1149.3243243243244,0101000020E610000045EABDD9E6A351C0816DC658CCBB40C0,-33.4671736687551,-70.5609649996414,0
25,510I,PD488,1348.625,0101000020E6100000FE6D34F5BAA351C040CFCEF5DEBB40C0,-33.4677417049229,-70.5582860004433,0
26,510I,PD489,1307.7424242424242,0101000020E610000009253F1D8FA351C0CB673BEEF7BB40C0,-33.4685037412706,-70.5556100002906,0
27,510I,PD490,839.9702970297029,0101000020E610000026B9ADD15EA351C048A9227117BC40C0,-33.469465391087,-70.5526622959629,0
28,510I,PD491,689.52,0101000020E6100000560CA9DC44A351C0B967D07223BC40C0,-33.4698318021396,-70.5510780001508,0
29,510I,PD492,690.216,0101000020E6100000803159880BA351C0A818B2313ABC40C0,-33.470525943719,-70.5475788947133,0
30,510I,PD493,679.48,0101000020E6100000C30DD200DEA251C0655944004DBC40C0,-33.4710998853432,-70.5448000003153,0
31,510I,PD494,621.0144927536232,0101000020E6100000B60713F3ACA251C0F48F351F61BC40C0,-33.471713925508,-70.5418060003129,0
32,510I,PD495,675.2755905511812,0101000020E6100000B80E1EA67DA251C037516CD573BC40C0,-33.4722849635022,-70.5389190000086,0
33,510I,PD496,692.0967741935484,0101000020E61000007585F7A754A251C0F6A9ACD782BC40C0,-33.4727429955564,-70.5364169995499,0
34,510I,PD497,418.6390243902439,0101000020E6100000D412DD5A26A251C0FE6FC4E195BC40C0,-33.4733240327041,-70.5335909995004,2
35,510I,PD498,629.9191176470588,0101000020E610000091506CEC12A251C014F024BB2ABC40C0,-33.4700540476189,-70.5324050004731,0
36,510I,PD499,529.3680981595093,0101000020E61000009D3EF52C08A251C0EE54AFE7E0BB40C0,-33.4678010564911,-70.5317490000693,2
37,510I,PD524,525.179012345679,0101000020E61000003C82751C3FA851C0AD9B420B4CBA40C0,-33.4554456782565,-70.6288520000025,2
38,510I,PD535,548.3525641025641,0101000020E6100000E01EDAA7E3A451C05BE1E5DF0FBC40C0,-33.4692344543898,-70.5763949995121,2
39,510I,PD571,620.9565217391304,0101000020E61000001E86E4A36FA451C07C4832663EBC40C0,-33.4706542726062,-70.5693139774016,0
40,510I,PD589,578.9727891156463,0101000020E6100000C564CEDC41A751C015664E3B1EBB40C0,-33.4618600971991,-70.6133949294627,2
41,510I,PD590,525.1913580246913,0101000020E6100000CB1C958E35A651C033DDF4557BBB40C0,-33.4647014089227,-70.5970188575913,2
42,510I,PD592,583.3561643835617,0101000020E610000001059EB7B1A551C06AA8F07A95BB40C0,-33.465499274739,-70.5889720004234,2
43,510I,PD643,596.4335664335664,0101000020E61000006D54ACFAE6A751C0B886D0B8B9BA40C0,-33.458792783565,-70.6234728510769,2
44,510I,PD644,607.7071428571429,0101000020E6100000F90CCC9996A751C0182B4CB311BB40C0,-33.4614776727596,-70.6185669415171,0
45,510I,PD645,572.8993288590603,0101000020E610000028BC7D5A45A551C0814710A2CABB40C0,-33.4671213702668,-70.5823580005532,2
46,510I,PI1042,580.5743243243244,0101000020E610000030F833A31FAD51C093AEAEAB8BBA40C0,-33.4573874094905,-70.7050560004725,2
47,510I,PI1272,640.1503759398496,0101000020E6100000062AC9E2FEA351C00F605B8E43BC40C0,-33.4708116480034,-70.5624319996351,0
48,510I,PI212,438.4285714285714,0101000020E610000066B57C98BDB051C0571209EE1BBC40C0,-33.4696023506446,-70.7615720002992,2
49,510I,PI241,767.5585585585585,0101000020E610000007B731EBC5B051C0C34E2916B6BB40C0,-33.4664943410585,-70.762080000448,0
50,510I,PI242,631.6592592592592,0101000020E6100000FD640B28D4B051C09E86BA2F5DBB40C0,-33.4637813244601,-70.7629490004801,0
51,510I,PI243,774.6272727272727,0101000020E61000003270996379B051C0C15DD9D684BB40C0,-33.4649914323195,-70.7574090002461,0
52,510I,PI244,970.6136363636364,0101000020E6100000A339DF1456B051C010086C0392BB40C0,-33.4653934743402,-70.7552539997037,0
53,510I,PI339,581.8775510204082,0101000020E6100000B8A81F868AAC51C03D02E98445BA40C0,-33.45524655702,-70.6959548291369,2
54,510I,PI342,587.2534246575342,0101000020E61000006B59689E95AB51C077688457D4B940C0,-33.451792659428,-70.6810070055996,2
55,510I,PI401,524.5337423312883,0101000020E6100000357AB05241AC51C09EBAF84F23BA40C0,-33.4542026485917,-70.6914869998371,2
56,510I,PI439,541.7025316455696,0101000020E6100000A3916D4C06AC51C0A5ADE50209BA40C0,-33.453400003574,-70.6878844327935,2
57,510I,PI457,561.3092105263158,0101000020E61000009110E4BED5AC51C0507D43D768BA40C0,-33.4563244895495,-70.7005460002131,2
58,510I,PI739,710.325,0101000020E6100000CA2A015130B051C044FD2A124DBB40C0,-33.4632895193013,-70.7529490004919,0
59,510I,PI740,823.4466019417475,0101000020E61000000BC4120F28B051C0521198FD11BB40C0,-33.4614865295904,-70.7524450000057,0
60,510I,PI748,629.8394160583941,0101000020E610000087366E0A43AF51C0D7602ED24DBA40C0,-33.455499909063,-70.7384668422984,0
61,510I,PI749,522.8121212121212,0101000020E61000003963AA7D3AAF51C04FB7E431F8B940C0,-33.4528868071344,-70.7379450000707,2
62,510I,PI750,702.172131147541,0101000020E610000027D8C85C19AF51C09216FEE804BA40C0,-33.4532748451867,-70.7359230004664,0
63,510I,PI751,643.8432835820895,0101000020E6100000890837A2ECAE51C0155FA5F815BA40C0,-33.4537955100515,-70.7331929719386,0
64,510I,PI752,590.9246575342465,0101000020E6100000BD5B0F96B1AE51C0C3D9D9222EBA40C0,-33.4545329631542,-70.7295889997467,2
65,510I,PI753,788.5229357798165,0101000020E6100000578FBA9F19AE51C03F02E8C767BA40C0,-33.456292141233,-70.7203139612078,0
66,510I,PI754,719.546218487395,0101000020E61000003CA6F564FEAD51C06C7FC63B74BA40C0,-33.4566721648433,-70.7186520003242,0
67,510I,PJ1683,639.2835820895523,0101000020E6100000D011B4CC22B051C074C97520EDBA40C0,-33.4603615355617,-70.7521240004055,0
68,510I,PJ1684,626.7573529411765,0101000020E61000006FF266CA37B051C0D30905AF82BB40C0,-33.4649256491281,-70.7534051900236,0
69,510I,PJ253,708.4628099173553,0101000020E610000024AFB2C316B051C0A39DB73F94BA40C0,-33.4576491972505,-70.751389431473,0
70,510I,PJ254,599.8881118881119,0101000020E6100000EEBFAD770FB051C0EAEEF8E460BA40C0,-33.4560819831366,-70.7509440609717,2
71,510I,PJ549,640.8947368421053,0101000020E6100000528560C1D9AF51C0A2CD254273BA40C0,-33.456642406901,-70.747665733584,0
72,510I,PJ550,632.0882352941177,0101000020E61000006B9F9128B4AF51C0A40442AB80BA40C0,-33.4570516655306,-70.7453710004899,0
73,510I,PJ551,710.575,0101000020E610000009783F957AAF51C0B7C55EB694BA40C0,-33.457663341785,-70.7418568725408,0
74,510I,PJ552,591.013698630137,0101000020E61000002534297B4BAF51C0DA17BB7CA6BA40C0,-33.4582057870427,-70.7389820005779,2
75,510I,PJ96,626.7080291970802,0101000020E6100000206EF1D1E2AD51C030A69BA77EBA40C0,-33.4569901952749,-70.7169689996449,0
0,D03I,PA478,623.1086956521739,0101000020E610000079076EB2A5A951C075EE27D951BA40C0,-33.4556228108385,-70.650738341761,0
1,D03I,PA479,591.9931034482759,0101000020E610000002F407486DA951C01EE3589D41BA40C0,-33.4551273998279,-70.6472950055759,2
2,D03I,PA480,540.7025316455696,0101000020E6100000DB2280643AA951C02D381BEC2DBA40C0,-33.454526437083,-70.6441890002565,2
3,D03I,PA481,481.3050847457627,0101000020E61000006276C95702A951C043DD4B6919BA40C0,-33.4539004917556,-70.6407680003554,2
4,D03I,PA482,486.4628571428572,0101000020E6100000B3EE09BFD4A851C032A946BB0CBA40C0,-33.4535135359787,-70.6379850003239,2
5,D03I,PA483,553.6428571428571,0101000020E61000000A2C56ED9AA851C01F662B7CF4B940C0,-33.4527735912236,-70.6344559995197,2
6,D03I,PA487,2497.681818181818,0101000020E6100000C666FC4E51A851C09BF0972C86B940C0,-33.44940717143,-70.6299626793726,0
7,D03I,PA494,578.8120805369127,0101000020E6100000812FC9AA08AA51C0D954A88209BA40C0,-33.4534152337962,-70.6567789997771,2
8,D03I,PA54,689.024,0101000020E6100000624095D4E5A951C0D3BFCB47FBB940C0,-33.4529809708471,-70.6546527345213,0
9,D03I,PA55,574.9865771812081,0101000020E6100000F03EE4BBC4A951C05892F87521BA40C0,-33.4541461433152,-70.6526326874698,2
10,D03I,PA615,427.1542288557214,0101000020E61000007D361C0587A851C09F79F4C0D5B940C0,-33.4518357461668,-70.6332409644619,2
11,D03I,PC1044,2391.695652173913,0101000020E610000014F8249365A851C0ECA311CA40B940C0,-33.4472897134909,-70.6311996327425,0
12,D03I,PD111,1727.1052631578948,0101000020E61000003DE186D44AA751C05C40C28234BA40C0,-33.4547275017255,-70.6139422719179,0
13,D03I,PD112,1068.3709677419354,0101000020E6100000F0F5955502A751C02068564345BA40C0,-33.4552387401493,-70.6095174755535,0
14,D03I,PD1360,420.4460784313725,0101000020E6100000ED7ED8476DA451C028187EE90BBA40C0,-33.4534885278411,-70.5691699613778,2
15,D03I,PD1439,268.34890965732086,0101000020E61000006FDE1BF084A151C06861D01196BD40C0,-33.4811422603114,-70.5237388870389,2
16,D03I,PD1451,740.5964912280701,0101000020E61000007DB026CA2AA351C083B45B7F2CBC40C0,-33.4701079557208,-70.5494866731478,0
17,D03I,PD219,2287.5789473684213,0101000020E61000003352B96A9EA451C03644CBD9CABA40C0,-33.4593155138504,-70.5721689996506,0
18,D03I,PD220,2406.333333333333,0101000020E6100000329F6B088EA451C07ECB3E4356BA40C0,-33.4557575279823,-70.5711689997668,0
19,D03I,PD287,834.0970873786408,0101000020E6100000DB57D4B837A451C058973B460DBB40C0,-33.4613426009152,-70.5659010003723,0
20,D03I,PD288,2693.235294117647,0101000020E61000009577887D02A451C0BB56057C31BB40C0,-33.4624476457661,-70.5626519997298,0
21,D03I,PD289,2691.470588235294,0101000020E610000050D8C5A0D7A351C0AA14F83637BB40C0,-33.4626225196201,-70.5600358898239,0
22,D03I,PD290,3241.285714285714,0101000020E61000000F7A71AAB5A351C01CC9D32B38BB40C0,-33.4626517089948,-70.5579630001232,0
23,D03I,PD291,3519.6153846153848,0101000020E6100000BB353D0E9FA351C021F2BDD438BB40C0,-33.4626718451948,-70.55658298471,0
24,D03I,PD292,965.3333333333334,0101000020E6100000551E3C3080A351C0EE36C0E438BB40C0,-33.4626737535999,-70.5546990000815,0
25,D03I,PD293,573.5882352941177,0101000020E610000047B903CE52A351C0126947023ABB40C0,-33.4627077912029,-70.5519290005078,2
26,D03I,PD328,492.4022988505747,0101000020E6100000CBBC9ACE4EA851C0F01E84B5E5B940C0,-33.4523226637956,-70.6298100005253,2
27,D03I,PD329,434.1522842639594,0101000020E610000059963F1C24A851C0290560F8E9B940C0,-33.4524527043198,-70.6272040005655,2
28,D03I,PD330,463.5675675675676,0101000020E61000003151EF74E7A751C0F1C6CC6E03BA40C0,-33.453229761113,-70.6235020005304,2
29,D03I,PD331,463.4054054054054,0101000020E61000000CDA922DBCA751C089619FC30FBA40C0,-33.4536060837009,-70.6208604749774,2
30,D03I,PD332,445.1197916666667,0101000020E6100000ED2FD4BF7BA751C09AA0FDBEFEB940C0,-33.4530867327132,-70.6169280597821,2
31,D03I,PD333,445.5916230366492,0101000020E6100000EEDDE4744AA751C0EB1A24DE02BA40C0,-33.4532125164313,-70.6139194712666,2
32,D03I,PD334,430.80904522613065,0101000020E610000012D586A6ECA651C04DA5C93219BA40C0,-33.4538939938162,-70.6081939999315,2
33,D03I,PD335,414.4492753623188,0101000020E610000055AFB98AC5A651C07F94F59E21BA40C0,-33.454151029503,-70.6058070004777,2
34,D03I,PD336,446.375,0101000020E6100000389E091F77A651C059C6C06831BA40C0,-33.454632848862,-70.6010205835272,2
35,D03I,PD337,390.6545454545454,0101000020E6100000E4A2F40C51A651C03DB714BE3ABA40C0,-33.4549176789428,-70.5986969365145,2
36,D03I,PD338,374.969298245614,0101000020E6100000F3A6EFCE09A651C032D4696D49BA40C0,-33.4553658262961,-70.594348653827,2
37,D03I,PD339,394.9583333333333,0101000020E61000004B20D29FC2A551C087860D374FBA40C0,-33.4555424514811,-70.5900039245618,2
38,D03I,PD340,421.8960396039604,0101000020E61000009C73E90C8CA551C0FA23641C51BA40C0,-33.4556003083198,-70.5866730003167,2
39,D03I,PD341,411.1256038647343,0101000020E6100000973BF1BC54A551C036EAA5AE3BBA40C0,-33.4549463567859,-70.5832970004834,2
40,D03I,PD342,394.3807339449541,0101000020E6100000E5D6DBDB2DA551C021F19C6433BA40C0,-33.4546933904951,-70.5809240004415,2
41,D03I,PD347,2045.3125,0101000020E6100000FBC5BE64F3A751C07C3E4E1029BA40C0,-33.454378164487,-70.6242305624982,0
42,D03I,PD348,1636.25,0101000020E61000008D74E405BBA751C0ACDD154822BA40C0,-33.4541711909072,-70.6207899790772,0
43,D03I,PD349,1294.8939393939395,0101000020E61000004C71476F8FA751C06377A9E52BBA40C0,-33.4544646337006,-70.6181295583421,0
44,D03I,PD350,1569.7619047619048,0101000020E61000003A5296B2C0A651C0158B2B0053BA40C0,-33.4556579792608,-70.6055113285046,0
45,D03I,PD351,1572.571428571429,0101000020E610000097FFCB6C65A651C0859BA99669BA40C0,-33.4563473060762,-70.5999404899761,0
46,D03I,PD352,1125.7297297297298,0101000020E610000038512F7231A651C029CF855177BA40C0,-33.4567663100591,-70.5967679464419,0
47,D03I,PD353,1264.3283582089553,0101000020E610000049807047E7A551C05A5B4AC27DBA40C0,-33.4569628584929,-70.5922411535877,0
48,D03I,PD354,1164.4117647058824,0101000020E61000000F070E4FAFA551C0E8B1F83184BA40C0,-33.4571592773753,-70.5888250004757,0
49,D03I,PD355,1660.25,0101000020E61000004156E19591A551C07625D87F9ABA40C0,-33.457839947262,-70.5870108318859,0
50,D03I,PD356,3162.0476190476197,0101000020E61000002D8C0DAA64A551C0D093D0ECAABA40C0,-33.4583412188,-70.5842690594006,0
51,D03I,PD367,943.8888888888888,0101000020E61000009AB237C137A351C0C72B13D9A7BB40C0,-33.4660598128899,-70.550278000252,0
52,D03I,PD368,795.2727272727273,0101000020E6100000A3A894AE40A351C0D027DCDAD7BB40C0,-33.4675248694399,-70.550822873282,0
53,D03I,PD409,415.3381642512077,0101000020E6100000A43FDC9BE7A451C045D483A029BA40C0,-33.4543953555772,-70.576636281096,2
54,D03I,PD410,362.63713080168776,0101000020E6100000DC86909F8DA451C02D0866CB10BA40C0,-33.4536375282481,-70.5711440001864,2
55,D03I,PD426,615.956834532374,0101000020E610000024ECD47D45A851C06A744090DDB940C0,-33.4520740809174,-70.6292414264031,0
56,D03I,PD427,3654.428571428572,0101000020E61000004BA9BCA440A851C058DFE25009BA40C0,-33.453409300592,-70.6289455263515,0
57,D03I,PD428,3546.190476190476,0101000020E61000006CEF26A12CA851C091DC669337BA40C0,-33.4548210384611,-70.6277239685275,0
58,D03I,PD429,624.9117647058823,0101000020E610000019210A5822A751C09670E5B13DBA40C0,-33.4550077791511,-70.6114711855811,0
59,D03I,PD431,610.294964028777,0101000020E6100000D926179E97A651C03826A4EA5BBA40C0,-33.4559300710211,-70.603004000291,0
60,D03I,PD432,1510.6818181818182,0101000020E6100000D593CB3729A551C03615C722BFBA40C0,-33.4589580032429,-70.5806407440244,0
61,D03I,PD433,1705.6315789473683,0101000020E61000008FDF0262F8A451C0A40F6467D8BA40C0,-33.4597291220264,-70.5776600864467,0
62,D03I,PD434,499.3333333333333,0101000020E610000081F022A6B3A451C028F31E50E4BA40C0,-33.4600925589678,-70.5734649029928,2
63,D03I,PD435,650.0075757575758,0101000020E610000080F04D805EA451C085E9D54550BA40C0,-33.4555747313016,-70.5682678948524,0
64,D03I,PD459,981.1,0101000020E6100000097B8A5242A351C0992139AF6DBB40C0,-33.4642848042451,-70.5509229996061,0
65,D03I,PD488,428.9137055837563,0101000020E6100000FE6D34F5BAA351C040CFCEF5DEBB40C0,-33.4677417049229,-70.5582860004433,2
66,D03I,PD489,455.6827956989248,0101000020E610000009253F1D8FA351C0CB673BEEF7BB40C0,-33.4685037412706,-70.5556100002906,2
67,D03I,PD490,534.879746835443,0101000020E610000026B9ADD15EA351C048A9227117BC40C0,-33.469465391087,-70.5526622959629,2
68,D03I,PD491,469.5955056179776,0101000020E6100000560CA9DC44A351C0B967D07223BC40C0,-33.4698318021396,-70.5510780001508,2
69,D03I,PD492,448.4497354497354,0101000020E6100000803159880BA351C0A818B2313ABC40C0,-33.470525943719,-70.5475788947133,2
70,D03I,PD493,430.0558375634518,0101000020E6100000C30DD200DEA251C0655944004DBC40C0,-33.4710998853432,-70.5448000003153,2
71,D03I,PD494,392.6712962962963,0101000020E6100000B60713F3ACA251C0F48F351F61BC40C0,-33.471713925508,-70.5418060003129,2
72,D03I,PD495,439.9015544041451,0101000020E6100000B80E1EA67DA251C037516CD573BC40C0,-33.4722849635022,-70.5389190000086,2
73,D03I,PD496,439.0205128205128,0101000020E61000007585F7A754A251C0F6A9ACD782BC40C0,-33.4727429955564,-70.5364169995499,2
74,D03I,PD497,435.1262626262626,0101000020E6100000D412DD5A26A251C0FE6FC4E195BC40C0,-33.4733240327041,-70.5335909995004,2
75,D03I,PD656,657.2635658914729,0101000020E6100000E13E73B856A351C086CEB3B40EBC40C0,-33.4691987874949,-70.5521679997869,0
76,D03I,PD731,503.7368421052632,0101000020E6100000EF93D6B6A8A151C0A103706BFEBC40C0,-33.4765142723984,-70.5259224982726,2
77,D03I,PD732,494.7068965517241,0101000020E610000099069A3D94A151C01EA73D0756BD40C0,-33.4791878748931,-70.524672890106,2
78,D03I,PD785,517.4409937888199,0101000020E6100000EA09C66B5EA451C0B305A1B743BA40C0,-33.4551915680162,-70.5682629999134,2
79,D03I,PD786,456.8972972972973,0101000020E610000079617F315BA451C0A469F91A86BA40C0,-33.4572175710521,-70.5680660003617,2
80,D03I,PD787,646.412213740458,0101000020E6100000F4545FCE6CA451C0C27C9CECDBBA40C0,-33.4598365558718,-70.569140999887,0
81,D03I,PD788,730.5172413793103,0101000020E61000009F31F0517FA451C02EE45F3543BB40C0,-33.4629885404796,-70.5702710004466,0
82,D03I,PD789,483.8181818181818,0101000020E610000061A17B4963A451C0CABF3DE65CBB40C0,-33.4637725640783,-70.5685600001648,2
83,D03I,PD790,421.8415841584159,0101000020E610000070CDC4AA41A451C07B7EB8096EBB40C0,-33.4642955923891,-70.5665079996013,2
84,D03I,PD791,452.01069518716577,0101000020E61000000D4BA96917A451C087DAD6919CBB40C0,-33.4657156275835,-70.5639290002111,2
85,D03I,PD792,416.2029702970297,0101000020E61000005CED3781E9A351C0EB620834C5BB40C0,-33.4669556656789,-70.5611269994892,2
86,D03I,PD793,470.55801104972375,0101000020E6100000F0F92D910BA251C084F9E855A0BC40C0,-33.4736430537769,-70.5319560002315,2
87,D03I,PD794,475.43888888888887,0101000020E61000000092E464E2A151C074A5C114B1BC40C0,-33.4741540856875,-70.5294430000431,2
88,D03I,PD795,469.1967213114754,0101000020E61000000EFBF4F8BDA151C0BCF7F07BBEBC40C0,-33.4745631147957,-70.5272200004949,2
0,D08I,PC112,640.9104477611941,0101000020E6100000CE6050E273A451C068073D6329B740C0,-33.4309505508416,-70.5695730004256,0
1,D08I,PC482,604.8098591549295,0101000020E6100000CEF6EA909BA351C08EC692AE18B740C0,-33.4304407326391,-70.5563700003215,0
2,D08I,PC483,618.2794117647059,0101000020E6100000FC5AF5F1D0A351C0D9B853E81CB740C0,-33.4305696877288,-70.5596279998826,0
3,D08I,PC484,617.8561151079136,0101000020E6100000208BB4AA25A451C0E5B1478A24B740C0,-33.43080261708,-70.5647990000839,0
4,D08I,PC485,613.4428571428572,0101000020E6100000376C61BEBCA451C0591E3EA52DB740C0,-33.4310804894746,-70.574019999637,0
5,D08I,PC486,643.6992481203008,0101000020E61000004541EC8502A551C04171C03232B740C0,-33.4312194289837,-70.5782790000131,0
6,D08I,PC975,509.19642857142856,0101000020E61000003CD009C79AA251C0E63D6C2AE1B640C0,-33.4287465122723,-70.5406968684992,2
7,D08I,PC976,572.3557046979865,0101000020E61000003A66F02E17A351C0F7C9482709B740C0,-33.4299668412604,-70.5482899997377,2
8,D08I,PC977,577.9054054054054,0101000020E61000002441852172A351C0BF615C7911B740C0,-33.4302207661708,-70.5538409997285,2
9,D08I,PC978,653.4924242424242,0101000020E61000001C68828F64A551C0AD4EDDB656B740C0,-33.4323338108637,-70.5842627309325,0
10,D08I,PD1000,498.8304093567252,0101000020E6100000D08B65E455A251C02A22EE8235BA40C0,-33.4547580397378,-70.5364924422895,2
11,D08I,PD1001,481.5819209039548,0101000020E61000000423E10852A251C03130B16FEEB940C0,-33.4525889983346,-70.5362569998361,2
12,D08I,PD1002,475.1123595505618,0101000020E610000007D2A31D37A251C0C08002399BB840C0,-33.4422370207044,-70.5346140003022,2
13,D08I,PD1003,759.3214285714286,0101000020E61000003F5E207C28A251C0B1CFF0156DB840C0,-33.4408290315472,-70.533721000299,0
14,D08I,PD1004,498.7309941520468,0101000020E610000095520CF454A251C014CA15C30FB840C0,-33.4379810196298,-70.5364351387346,2
15,D08I,PD1005,504.46783625731,0101000020E6100000C741679361A251C012DC18A5B2B740C0,-33.4351393100152,-70.5372055538529,2
16,D08I,PD1006,498.75882352941176,0101000020E610000095E254F96AA251C064693BB382B740C0,-33.4336761512848,-70.5377791718441,2
17,D08I,PD1377,747.0695652173913,0101000020E6100000DE9E2D573FA551C0781E03CC75B740C0,-33.4332823767881,-70.5819909997476,0
18,D08I,PD1420,527.3086419753087,0101000020E6100000D55BA522F6A151C0847AC0E3C2BA40C0,-33.4590725602948,-70.5306479086715,2
19,D08I,PD1429,248.9682997118156,0101000020E61000002DB5C77F81A151C05F57421A90BD40C0,-33.4809601615841,-70.5235290003081,2
20,D08I,PD1433,514.4909090909091,0101000020E610000064CFB757E6A151C02D040410D1BA40C0,-33.459505083047,-70.5296839995404,2
21,D08I,PD440,491.4425287356322,0101000020E6100000E9819E7425A251C0920B29ABBDBA40C0,-33.4589132261673,-70.533536104958,2
22,D08I,PD441,488.2857142857143,0101000020E610000017FDF6F123A251C0A4E36AD57ABA40C0,-33.4568735858841,-70.5334439193724,2
23,D08I,PD445,480.4745762711864,0101000020E61000001A96C1C58AA251C0868322FBC8B940C0,-33.4514459532284,-70.5397200003139,2
24,D08I,PD544,518.6036585365854,0101000020E6100000272C84EDC5A151C09EE4F0854DBD40C0,-33.4789283205257,-70.5277055540797,2
25,D08I,PD545,556.4771241830065,0101000020E6100000108EF60B01A251C0C9D6869536BD40C0,-33.4782282741922,-70.5313138873828,2
26,D08I,PD546,535.7610062893082,0101000020E6100000366B67B62BA251C07250B0AE28BD40C0,-33.4778040276441,-70.5339180002164,2
27,D08I,PD738,502.6287425149701,0101000020E6100000E26483BEF4A151C06E3C7C8F37BB40C0,-33.4626330715772,-70.5305630000253,2
28,D08I,PD780,580.582191780822,0101000020E610000064BD97C283A251C0CE6D66D87BB940C0,-33.4490919590131,-70.5392919999918,2
29,D08I,PD781,613.007299270073,0101000020E6100000F43E645C71A251C0BCE1C40E45B940C0,-33.4474199735009,-70.5381690005268,0
30,D08I,PD782,515.0484848484848,0101000020E6100000DB78634161A251C0356C8FA415B940C0,-33.4459729862505,-70.5371860000045,2
31,D08I,PD993,505.3941176470588,0101000020E6100000D18E45B75EA251C0CDB7A9060BBD40C0,-33.4768989876462,-70.5370310000683,2
32,D08I,PD994,533.63125,0101000020E6100000FD6E13D55BA251C052FCF28DCBBC40C0,-33.4749619900182,-70.536855000475,2
33,D08I,PD995,491.0402298850575,0101000020E6100000D5D9EE7552A251C0958BFA5888BC40C0,-33.4729109977117,-70.5362830002335,2
34,D08I,PD996,541.874213836478,0101000020E610000037B0705644A251C06F4B9B9D29BC40C0,-33.4700200088763,-70.535420999572,2
35,D08I,PD997,483.2,0101000020E6100000ADC8ACA92CA251C0CB41501DC9BB40C0,-33.4670750276451,-70.5339760005324,2
36,D08I,PD998,476.24444444444447,0101000020E6100000B7D2D7851FA251C0F7E6150D8DBB40C0,-33.4652420384354,-70.5331740005157,2
37,D08I,PD999,514.3975903614457,0101000020E6100000CB0BDB183BA251C0211FEC4274BA40C0,-33.4566730168283,-70.5348570002672,2
0,D18I,PC1149,642.6315789473684,0101000020E6100000C6B0CC6C93A651C06198AE17F4B840C0,-33.4449491121784,-70.6027481078082,0
1,D18I,PC1150,632.8888888888889,0101000020E610000068CCA93EC7A651C00BCD3E8300B940C0,-33.4453281456609,-70.6059109361828,0
2,D18I,PC1152,908.936170212766,0101000020E61000000A7B3D40F7A651C0CDA1F4660CB940C0,-33.4456909842007,-70.6088409996411,0
3,D18I,PC1153,655.9160305343512,0101000020E6100000503965BC1BA751C0CB0C3EC620B940C0,-33.4463126948336,-70.6110678661837,0
4,D18I,PC1154,610.2857142857143,0101000020E6100000C992D91D52A751C009E756D22FB940C0,-33.4467719005898,-70.6143869995823,0
5,D18I,PC502,761.0088495575221,0101000020E6100000E2A1719D44A851C0216813819FB840C0,-33.4423676819572,-70.6291879281703,0
6,D18I,PC987,758.2142857142857,0101000020E6100000C555DDD1FFA551C08466F6E8A7B840C0,-33.4426242068412,-70.5937390004611,0
7,D18I,PC988,724.3220338983051,0101000020E6100000F9EF2E302BA651C074CF1448AFB840C0,-33.4428491689313,-70.5963859995244,0
8,D18I,PC989,806.0377358490566,0101000020E61000005F22CD6358A651C08FFF29D0B8B840C0,-33.4431400494642,-70.5991448882355,0
9,D18I,PC995,659.6769230769231,0101000020E6100000AF8B5C397BA751C0A5C7F94408B940C0,-33.4455648631695,-70.6168960002676,0
10,D18I,PC996,642.9624060150376,0101000020E610000093398FC6A1A751C07D0E79D2F1B840C0,-33.4448798266503,-70.6192490004235,0
11,D18I,PC997,617.1798561151079,0101000020E61000007D7F72BED8A751C034CFE53F09B940C0,-33.4455947754017,-70.6226039999146,0
12,D18I,PC998,616.2805755395683,0101000020E6100000EE6AA2D8FFA751C0634E8BCC19B940C0,-33.4460998230177,-70.6249906145201,0
13,D18I,PC999,675.7007874015748,0101000020E6100000343998C118A851C0EF4B520EE4B840C0,-33.4444597150649,-70.6265110003049,0
14,D18I,PD1002,453.4734042553192,0101000020E610000007D2A31D37A251C0C08002399BB840C0,-33.4422370207044,-70.5346140003022,2
15,D18I,PD1079,478.82022471910113,0101000020E61000007D709BE09BA251C020BB65D9ACBA40C0,-33.4583999392255,-70.5407639997447,2
16,D18I,PD1187,532.1614906832298,0101000020E61000000F1DCC2555A251C02C9EC60EB8BA40C0,-33.4587419957937,-70.5364469998642,2
17,D18I,PD1199,540.188679245283,0101000020E6100000FA27E8E737A451C0AADF9B581BB840C0,-33.4383345376112,-70.5659122244978,2
18,D18I,PD1200,975.735632183908,0101000020E61000004DD5315871A451C03FFBDC8313B840C0,-33.4380955533038,-70.569417999902,0
19,D18I,PD1201,1010.6987951807228,0101000020E61000003734A0A696A451C051DE3EC30EB840C0,-33.4379505211806,-70.5716950001232,0
20,D18I,PD1254,488.7885714285714,0101000020E61000003300E6876AA251C0EB58367573B840C0,-33.4410234942787,-70.5377521272756,2
21,D18I,PD1255,532.2298136645962,0101000020E610000072FC39369DA251C0CB08A89667B840C0,-33.4406612701874,-70.5408454481383,2
22,D18I,PD1256,432.77272727272725,0101000020E61000009CB39065C1A251C0E9A67B625FB840C0,-33.4404109100122,-70.5430540001966,2
23,D18I,PD1257,546.2929936305733,0101000020E61000008D9FF67AF7A251C0B3461CBC52B840C0,-33.4400248659198,-70.5463550003462,2
24,D18I,PD1258,517.8888888888889,0101000020E6100000F47304172BA351C06B22ED2E46B840C0,-33.4396418245204,-70.5495049994932,2
25,D18I,PD1259,542.6645569620254,0101000020E61000007DCEA667C4A351C03DE37BE428B840C0,-33.4387479405327,-70.5588626030894,2
26,D18I,PD1260,501.7602339181287,0101000020E6100000F77F67EDE8A351C0084C531425B840C0,-33.4386315733646,-70.561091757845,2
27,D18I,PD1261,639.9104477611941,0101000020E6100000B5B668A9BCA451C0C3352E3F1AB940C0,-33.4461134887347,-70.5740149996371,0
28,D18I,PD1262,539.2893081761006,0101000020E6100000685E715BE8A451C0FD37224F20B940C0,-33.4462984959682,-70.5766819579236,2
29,D18I,PD1263,519.6848484848484,0101000020E6100000EE1F98DC28A551C0E95B84F925B940C0,-33.4464713951382,-70.5806190000146,2
30,D18I,PD1264,526.2453987730062,0101000020E61000008390F7A866A551C0575FA58E2AB940C0,-33.4466112430079,-70.5843908708212,2
31,D18I,PD1265,575.6845637583892,0101000020E6100000C0492A8D98A551C00E4FA2C013B940C0,-33.4459152977489,-70.5874360001535,2
32,D18I,PD1266,603.6923076923077,0101000020E610000068EE68FCC2A551C0C6F0B483E7B840C0,-33.4445652612208,-70.5900259995193,0
33,D18I,PD1267,1933.44,0101000020E61000001352443D89A651C027C5E73E5FB940C0,-33.4482191688242,-70.6021264235681,0
34,D18I,PD1268,1659.551724137931,0101000020E61000005FA9A860BBA651C0E4D23D626BB940C0,-33.4485895921587,-70.6051866194807,0
35,D18I,PD1269,1738.071428571429,0101000020E6100000983546240AA751C05684687268B940C0,-33.4484999666535,-70.6099940000189,0
36,D18I,PD1270,1577.6129032258063,0101000020E610000073A6E1AB3BA751C02A7808DE72B940C0,-33.4488179723124,-70.6130170539489,0
37,D18I,PD1271,745.7142857142857,0101000020E61000001950438B6CA751C02FD4518B81B940C0,-33.4492658757739,-70.6159999997475,0
38,D18I,PD1272,564.125,0101000020E610000004B6DF4F8DA751C032C2EE8D8AB940C0,-33.4495408454717,-70.6180000004461,2
39,D18I,PD1273,610.5882352941177,0101000020E6100000C5ECF4D6C0A751C0C71F15D69EB940C0,-33.4501597979684,-70.62114499968,0
40,D18I,PD1274,2992.708333333333,0101000020E6100000374900E6F5A751C07B5E22E5AEB940C0,-33.4506498735254,-70.6243834498208,0
41,D18I,PD1361,463.1837837837838,0101000020E61000003646BE654EA351C01FEF5B7B3EB840C0,-33.4394067953965,-70.5516599996707,2
42,D18I,PD1394,585.795918367347,0101000020E6100000A9F58D588BA151C00456FDAE66BD40C0,-33.4796961533539,-70.5241299997639,2
43,D18I,PD1418,559.9869281045752,0101000020E61000002BA2B3717DA251C044F31582B3BA40C0,-33.4586031539134,-70.5389065031274,2
44,D18I,PD1420,532.69375,0101000020E6100000D55BA522F6A151C0847AC0E3C2BA40C0,-33.4590725602948,-70.5306479086715,2
45,D18I,PD1429,301.8776223776224,0101000020E61000002DB5C77F81A151C05F57421A90BD40C0,-33.4809601615841,-70.5235290003081,2
46,D18I,PD185,435.1218274111675,0101000020E6100000FA15739EB1A451C013C715C231B840C0,-33.4390184980713,-70.5733409999738,2
47,D18I,PD186,442.00515463917526,0101000020E6100000D5D0CF2B9EA451C0065F0E950EB940C0,-33.44575751497,-70.5721540002299,2
48,D18I,PD226,549.4807692307693,0101000020E6100000ADB0EC14ABA451C0F7404D3179B840C0,-33.4411985041824,-70.5729420005252,2
49,D18I,PD227,497.77906976744185,0101000020E610000069202098A3A451C0236BC595D0B840C0,-33.4438655103643,-70.572485000013,2
50,D18I,PD296,529.525,0101000020E61000006F0C725298A251C08947241859BA40C0,-33.45584394237,-70.5405470002895,2
51,D18I,PD297,676.1349206349206,0101000020E6100000E6E3A6E392A251C0994388CB0DBA40C0,-33.4535459914543,-70.5402154092586,0
52,D18I,PD298,481.316384180791,0101000020E6100000569594F58EA251C017922ED8D8B940C0,-33.4519300677677,-70.5399755431184,2
53,D18I,PD308,431.035175879397,0101000020E610000083443B0B91A351C0FF8C560B37B840C0,-33.4391798184024,-70.5557277754579,2
54,D18I,PD440,549.8774193548387,0101000020E6100000E9819E7425A251C0920B29ABBDBA40C0,-33.4589132261673,-70.533536104958,2
55,D18I,PD53,646.8473282442748,0101000020E6100000DA67F1ED58A651C02A3129C806B940C0,-33.4455194665082,-70.5991778237798,0
56,D18I,PD733,672.6953125,0101000020E6100000BF4F6D01A1A151C0FC948FC80DBD40C0,-33.4769831372341,-70.5254520003791,0
57,D18I,PD734,619.9424460431654,0101000020E610000069418DD2A5A151C0A9EC79CBF9BC40C0,-33.4763731332144,-70.5257460002373,0
58,D18I,PD735,607.5704225352113,0101000020E61000006A6DE4F6CBA151C0FB6B062E5CBC40C0,-33.4715631038052,-70.5280740004288,0
59,D18I,PD736,611.3617021276596,0101000020E6100000E4A95D2EE2A151C002DB8D7E00BC40C0,-33.4687650864271,-70.5294299997982,0
60,D18I,PD737,516.5515151515151,0101000020E61000005EEF819AF8A151C0B1B4030FA4BB40C0,-33.4659441726775,-70.5307985562226,2
61,D18I,PD738,617.8333333333334,0101000020E6100000E26483BEF4A151C06E3C7C8F37BB40C0,-33.4626330715772,-70.5305630000253,0
62,D18I,PD76,1783.5555555555557,0101000020E6100000F8CF48055EA651C040C9099E55B940C0,-33.4479253337654,-70.5994885645922,0
63,D18I,PD780,587.2397260273973,0101000020E610000064BD97C283A251C0CE6D66D87BB940C0,-33.4490919590131,-70.5392919999918,2
64,D18I,PD781,596.013986013986,0101000020E6100000F43E645C71A251C0BCE1C40E45B940C0,-33.4474199735009,-70.5381690005268,2
65,D18I,PD782,587.951724137931,0101000020E6100000DB78634161A251C0356C8FA415B940C0,-33.4459729862505,-70.5371860000045,2
0,B13I,PB1228,787.5688073394496,0101000020E61000007DBEAC6D88A951C06B985CCFC3B040C0,-33.3809756471754,-70.6489519297556,0
1,B13I,PB1229,577.8389261744967,0101000020E6100000FAAB88B48DA951C0E693FA759FB040C0,-33.3798663590931,-70.649273999661,2
2,B13I,PB1230,657.1526717557252,0101000020E6100000EFD7356AD9A951C0754E2DFB66B040C0,-33.3781427355979,-70.6538949514213,0
3,B13I,PB1231,654.7480916030535,0101000020E6100000D598F5C307AA51C086ABAB5E44B040C0,-33.3770864809258,-70.6567239664467,0
4,B13I,PB1232,840.6078431372549,0101000020E61000003D93BFF02FAA51C049B8631626B040C0,-33.3761623370088,-70.659176051221,0
5,B13I,PB1233,802.626168224299,0101000020E61000004EF274085DAA51C026A534FF03B040C0,-33.375121975618,-70.6619282857948,0
6,B13I,PB1234,997.0,0101000020E610000096EA04C77DAA51C0238E1E71ECAF40C0,-33.3744031333156,-70.6639268444072,0
7,B13I,PB1235,999.6627906976744,0101000020E6100000297DEA8999AA51C0DBE69EEBCEAF40C0,-33.3735022092712,-70.6656212606364,0
8,B13I,PB1236,959.5454545454544,0101000020E6100000E4CDB98DCFAA51C03A8662B0ABAF40C0,-33.3724270325733,-70.6689180674071,0
9,B13I,PB1239,590.6027397260274,0101000020E610000056FE4145DAAE51C00D76FBE56FAD40C0,-33.3549773671949,-70.7320721764057,2
10,B13I,PB1240,598.8055555555555,0101000020E610000015EB0816F7AE51C00C3EFB884FAD40C0,-33.3539897181291,-70.7338309371083,2
11,B13I,PB1241,673.65625,0101000020E610000061EA44B628AF51C0C25BC86819AD40C0,-33.3523379305184,-70.736859862614,0
12,B13I,PB1242,650.560606060606,0101000020E6100000093E45103CAF51C0457BFE4087AD40C0,-33.3556901209436,-70.7380409885592,0
13,B13I,PB1243,759.375,0101000020E6100000E29E8E5720B051C0DBA278CA89AD40C0,-33.3557675446552,-70.7519740002422,0
14,B13I,PB1244,776.0363636363636,0101000020E610000020B44CF910B051C0CD7055C6DFAD40C0,-33.3583915631476,-70.751036000162,0
15,B13I,PB1245,749.2212389380531,0101000020E6100000720F9775FFAF51C0CFBA56562DAE40C0,-33.3607585834012,-70.7499670005034,0
16,B13I,PB1344,699.6829268292682,0101000020E6100000F3D397C3EEAA51C0192E1987A5AF40C0,-33.3722390053701,-70.6708230002112,0
17,B13I,PB1531,958.4494382022472,0101000020E61000004D98DA3BA9AD51C0B537CF04D5AF40C0,-33.373688317471,-70.7134542116848,0
18,B13I,PB1575,598.7692307692307,0101000020E6100000592D720270A951C0C191E1B5B7B040C0,-33.3806063987172,-70.6474615206729,2
19,B13I,PB1595,774.3853211009174,0101000020E6100000CF5132E197B051C01BBC1A3367AE40C0,-33.36252440267,-70.7592699996378,0
20,B13I,PB185,643.1492537313433,0101000020E6100000891A1A19E4AB51C00BA4C1A2DBAE40C0,-33.3660777516853,-70.6857970004004,0
21,B13I,PB469,703.4132231404959,0101000020E6100000D5EACEF57DAD51C0110876E4AFAF40C0,-33.3725553108526,-70.7108129997899,0
22,B13I,PB493,644.0909090909091,0101000020E61000005611BDA948AF51C08DF75F8533AD40C0,-33.353134796008,-70.7388100000729,0
23,B13I,PB516,621.0935251798561,0101000020E6100000066F56F146AB51C05638C05335AF40C0,-33.3688149155211,-70.6762050003127,0
24,B13I,PB517,425.2807881773399,0101000020E61000004156280E76AB51C08179E4A612AF40C0,-33.3677567115401,-70.6790805238643,2
25,B13I,PB519,667.8527131782946,0101000020E61000007443E0B88CAC51C021FB0CB0CCAE40C0,-33.3656215728172,-70.6960889997552,0
26,B13I,PB531,621.7007299270073,0101000020E61000009D85352A44AD51C02039611667AF40C0,-33.3703334784243,-70.7072854540515,0
27,B13I,PB532,521.7901234567901,0101000020E61000008792463EAFAD51C03084382243AF40C0,-33.3692362571677,-70.7138210000213,2
28,B13I,PB552,578.972602739726,0101000020E6100000A4FA949525AE51C092E20AC1ABAE40C0,-33.364616518321,-70.7210439638971,2
29,B13I,PB553,542.253164556962,0101000020E61000007592B94E23AE51C07B8B6E6A52AE40C0,-33.3618901290674,-70.7209049999454,2
30,B13I,PB554,522.4146341463414,0101000020E61000005931F0F620AE51C0110E362BC6AD40C0,-33.3576101316395,-70.7207619996674,2
31,B13I,PB555,556.3376623376623,0101000020E61000006A80ED461FAE51C0B44F8F0E6CAD40C0,-33.3548601341021,-70.7206590003349,2
32,B13I,PB556,563.6578947368421,0101000020E610000025E92EA358AE51C0A4028FD446AD40C0,-33.3537240694325,-70.7241599996674,2
33,B13I,PB557,551.974358974359,0101000020E6100000E48786EFA4AE51C0C8A08A0B28AD40C0,-33.3527845789809,-70.728816872957,2
34,B13I,PB558,940.2134831460676,0101000020E6100000D02C47D9ACAE51C0F67BF0838FAD40C0,-33.355942242073,-70.7292998499936,0
35,B13I,PB566,895.2631578947369,0101000020E61000003C5778F013B051C089A731693AAE40C0,-33.3611575596288,-70.7512170005038,0
36,B13I,PB567,804.0566037735849,0101000020E610000037CEBB123BB051C0F3678F624FAE40C0,-33.3617976379609,-70.7536055406607,0
37,B13I,PB568,803.0285714285715,0101000020E6100000BC2239B874B051C01D8839355BAE40C0,-33.362158444492,-70.7571240003553,0
38,B13I,PB571,586.8055555555555,0101000020E6100000B8000ABABDAD51C03A67C44DA9AF40C0,-33.3723542412758,-70.7147049997028,2
39,B13I,PB572,691.4634146341464,0101000020E6100000F34270DEA7AF51C0043DD50470AD40C0,-33.354981044884,-70.74462090457,0
40,B13I,PB573,719.3613445378152,0101000020E61000006F3247E2E5AF51C053513B9661AD40C0,-33.3545406140935,-70.7484059996875,0
41,B13I,PB591,655.0387596899225,0101000020E61000002BDF53FEB5AD51C02B6AEE3C71AF40C0,-33.370643249906,-70.714232999712,0
42,B13I,PB651,953.9659090909092,0101000020E6100000F861E0A6AAAD51C0A851AE2DFFAE40C0,-33.3671624280135,-70.7135407630193,0
43,B13I,PB945,664.4609375,0101000020E6100000B9A9F4DA6CAF51C03E3563D67DAD40C0,-33.3554027542509,-70.7410189999854,0
44,B13I,PB946,732.1709401709402,0101000020E610000072B783D6C3AF51C01B15005F68AD40C0,-33.3547476530459,-70.7463279997153,0
